web_scraper_order,web_scraper_start_url,city,cost_of_living_index,rank,rent_index,cost_of_living_plus_rent_index,groceries_index,restaurant_price_index,local_purchasing_power_index
"1770902482-1","https://www.numbeo.com/cost-of-living/region_rankings.jsp?title=2026&region=150","Zurich, Switzerland","118.5","1","70.6","97.1","115.4","121.0","164.4"
"1770902482-2","https://www.numbeo.com/cost-of-living/region_rankings.jsp?title=2026&region=150","Geneva, Switzerland","116.5","2","65.1","93.6","114.3","121.8","158.5"
"1770902482-3","https://www.numbeo.com/cost-of-living/region_rankings.jsp?title=2026&region=150","Basel, Switzerland","112.4","3","49.6","84.4","110.4","114.9","183.7"
"1770902482-4","https://www.numbeo.com/cost-of-living/region_rankings.jsp?title=2026&region=150","Lausanne, Switzerland","111.5","4","55.0","86.3","108.9","116.2","163.7"
"1770902482-5","https://www.numbeo.com/cost-of-living/region_rankings.jsp?title=2026&region=150","Lugano, Switzerland","110.1","5","47.0","81.9","107.3","125.3","153.6"
"1770902482-6","https://www.numbeo.com/cost-of-living/region_rankings.jsp?title=2026&region=150","Bern, Switzerland","110.0","6","46.8","81.8","107.3","110.2","174.4"
"1770902482-7","https://www.numbeo.com/cost-of-living/region_rankings.jsp?title=2026&region=150","Reykjavik, Iceland","98.9","7","50.1","77.1","105.2","109.3","109.0"
"1770902482-8","https://www.numbeo.com/cost-of-living/region_rankings.jsp?title=2026&region=150","Oslo, Norway","90.2","8","39.3","67.5","90.7","99.1","110.8"
"1770902482-9","https://www.numbeo.com/cost-of-living/region_rankings.jsp?title=2026&region=150","London, United Kingdom","87.5","9","70.1","79.7","68.9","89.7","117.5"
"1770902482-10","https://www.numbeo.com/cost-of-living/region_rankings.jsp?title=2026&region=150","Copenhagen, Denmark","85.7","10","46.1","68.0","78.3","99.9","136.9"
"1770902482-11","https://www.numbeo.com/cost-of-living/region_rankings.jsp?title=2026&region=150","Bergen, Norway","85.6","11","29.0","60.3","84.5","98.3","126.9"
"1770902482-12","https://www.numbeo.com/cost-of-living/region_rankings.jsp?title=2026&region=150","Trondheim, Norway","84.9","12","29.8","60.3","88.0","89.8","127.6"
"1770902482-13","https://www.numbeo.com/cost-of-living/region_rankings.jsp?title=2026&region=150","Stavanger, Norway","82.7","13","37.1","62.4","84.3","89.5","134.9"
"1770902482-14","https://www.numbeo.com/cost-of-living/region_rankings.jsp?title=2026&region=150","Amsterdam, Netherlands","82.6","14","60.0","72.5","71.5","91.8","129.9"
"1770902482-15","https://www.numbeo.com/cost-of-living/region_rankings.jsp?title=2026&region=150","Aalborg, Denmark","80.9","15","24.7","55.8","79.2","93.1","151.8"
"1770902482-16","https://www.numbeo.com/cost-of-living/region_rankings.jsp?title=2026&region=150","Luxembourg, Luxembourg","80.6","16","54.8","69.1","78.5","90.7","147.2"
"1770902482-17","https://www.numbeo.com/cost-of-living/region_rankings.jsp?title=2026&region=150","Haarlem, Netherlands","79.5","17","43.5","63.5","70.9","92.9","118.5"
"1770902482-18","https://www.numbeo.com/cost-of-living/region_rankings.jsp?title=2026&region=150","Aarhus, Denmark","78.9","18","33.2","58.5","71.1","95.6","148.4"
"1770902482-19","https://www.numbeo.com/cost-of-living/region_rankings.jsp?title=2026&region=150","Stockholm, Sweden","78.6","19","36.1","59.7","72.8","82.0","116.9"
"1770902482-20","https://www.numbeo.com/cost-of-living/region_rankings.jsp?title=2026&region=150","Paris, France","78.6","20","43.5","62.9","77.9","75.2","118.0"
"1770902482-21","https://www.numbeo.com/cost-of-living/region_rankings.jsp?title=2026&region=150","Odense, Denmark","77.3","21","23.2","53.2","74.3","103.0","163.3"
"1770902482-22","https://www.numbeo.com/cost-of-living/region_rankings.jsp?title=2026&region=150","Utrecht, Netherlands","77.3","22","44.2","62.5","68.8","79.6","143.7"
"1770902482-23","https://www.numbeo.com/cost-of-living/region_rankings.jsp?title=2026&region=150","Dublin, Ireland","76.7","23","59.7","69.1","71.7","89.2","114.6"
"1770902482-24","https://www.numbeo.com/cost-of-living/region_rankings.jsp?title=2026&region=150","Espoo, Finland","76.4","24","30.3","55.8","75.6","85.2","127.3"
"1770902482-25","https://www.numbeo.com/cost-of-living/region_rankings.jsp?title=2026&region=150","Oxford, United Kingdom","76.2","25","47.9","63.6","68.0","88.8","113.5"
"1770902482-26","https://www.numbeo.com/cost-of-living/region_rankings.jsp?title=2026&region=150","Munich, Germany","76.1","26","45.4","62.4","63.5","81.9","142.7"
"1770902482-27","https://www.numbeo.com/cost-of-living/region_rankings.jsp?title=2026&region=150","Guildford, United Kingdom","75.4","27","42.4","60.7","71.5","76.7","120.0"
"1770902482-28","https://www.numbeo.com/cost-of-living/region_rankings.jsp?title=2026&region=150","Strasbourg, France","74.7","28","22.8","51.5","87.9","68.8","112.1"
"1770902482-29","https://www.numbeo.com/cost-of-living/region_rankings.jsp?title=2026&region=150","Rotterdam, Netherlands","74.6","29","41.1","59.7","68.2","82.2","126.3"
"1770902482-30","https://www.numbeo.com/cost-of-living/region_rankings.jsp?title=2026&region=150","Brighton, United Kingdom","74.5","30","42.9","60.4","67.7","79.9","111.1"
"1770902482-31","https://www.numbeo.com/cost-of-living/region_rankings.jsp?title=2026&region=150","Helsinki, Finland","74.3","31","29.4","54.3","70.6","82.2","123.5"
"1770902482-32","https://www.numbeo.com/cost-of-living/region_rankings.jsp?title=2026&region=150","Delft, Netherlands","74.2","32","39.5","58.7","70.7","87.1","116.6"
"1770902482-33","https://www.numbeo.com/cost-of-living/region_rankings.jsp?title=2026&region=150","Frankfurt, Germany","74.0","33","36.1","57.1","66.8","75.7","156.6"
"1770902482-34","https://www.numbeo.com/cost-of-living/region_rankings.jsp?title=2026&region=150","Cambridge, United Kingdom","73.9","34","45.5","61.3","66.4","82.8","124.0"
"1770902482-35","https://www.numbeo.com/cost-of-living/region_rankings.jsp?title=2026&region=150","Vienna, Austria","73.9","35","29.6","54.2","74.0","75.0","133.5"
"1770902482-36","https://www.numbeo.com/cost-of-living/region_rankings.jsp?title=2026&region=150","Marseille, France","73.9","36","21.4","50.5","89.3","70.6","100.4"
"1770902482-37","https://www.numbeo.com/cost-of-living/region_rankings.jsp?title=2026&region=150","Dusseldorf, Germany","73.9","37","32.5","55.4","65.5","75.3","143.6"
"1770902482-38","https://www.numbeo.com/cost-of-living/region_rankings.jsp?title=2026&region=150","Brussels, Belgium","73.5","38","33.1","55.5","72.0","89.6","128.0"
"1770902482-39","https://www.numbeo.com/cost-of-living/region_rankings.jsp?title=2026&region=150","Nice, France","73.4","39","30.2","54.1","78.4","75.7","96.5"
"1770902482-40","https://www.numbeo.com/cost-of-living/region_rankings.jsp?title=2026&region=150","Heidelberg, Germany","73.4","40","34.4","56.0","68.5","68.9","114.9"
"1770902482-41","https://www.numbeo.com/cost-of-living/region_rankings.jsp?title=2026&region=150","Gent, Belgium","73.2","41","26.7","52.5","70.7","89.9","123.8"
"1770902482-42","https://www.numbeo.com/cost-of-living/region_rankings.jsp?title=2026&region=150","Milan, Italy","73.1","42","41.4","58.9","70.3","78.2","83.5"
"1770902482-43","https://www.numbeo.com/cost-of-living/region_rankings.jsp?title=2026&region=150","Edinburgh, United Kingdom","73.0","43","37.9","57.3","65.6","84.2","118.6"
"1770902482-44","https://www.numbeo.com/cost-of-living/region_rankings.jsp?title=2026&region=150","The Hague (Den Haag), Netherlands","72.3","44","43.8","59.6","67.6","79.3","147.5"
"1770902482-45","https://www.numbeo.com/cost-of-living/region_rankings.jsp?title=2026&region=150","Lyon, France","72.2","45","22.8","50.2","79.4","66.2","126.1"
"1770902482-46","https://www.numbeo.com/cost-of-living/region_rankings.jsp?title=2026&region=150","Cork, Ireland","72.2","46","45.3","60.2","74.5","77.4","116.5"
"1770902482-47","https://www.numbeo.com/cost-of-living/region_rankings.jsp?title=2026&region=150","Galway, Ireland","71.9","47","51.9","63.0","71.2","79.7","93.2"
"1770902482-48","https://www.numbeo.com/cost-of-living/region_rankings.jsp?title=2026&region=150","Hamburg, Germany","71.9","48","32.4","54.2","63.8","75.1","142.3"
"1770902482-49","https://www.numbeo.com/cost-of-living/region_rankings.jsp?title=2026&region=150","Wiesbaden, Germany","71.7","49","26.3","51.5","65.9","76.9","131.2"
"1770902482-50","https://www.numbeo.com/cost-of-living/region_rankings.jsp?title=2026&region=150","Eindhoven, Netherlands","71.7","50","36.0","55.8","65.5","79.1","139.8"
"1770902482-51","https://www.numbeo.com/cost-of-living/region_rankings.jsp?title=2026&region=150","Antwerp, Belgium","71.6","51","24.3","50.5","67.6","89.4","119.1"
"1770902482-52","https://www.numbeo.com/cost-of-living/region_rankings.jsp?title=2026&region=150","Darmstadt, Germany","71.6","52","28.8","52.5","68.0","71.4","137.1"
"1770902482-53","https://www.numbeo.com/cost-of-living/region_rankings.jsp?title=2026&region=150","Stuttgart, Germany","71.5","53","30.1","53.0","66.6","72.4","144.2"
"1770902482-54","https://www.numbeo.com/cost-of-living/region_rankings.jsp?title=2026&region=150","Cologne, Germany","71.4","54","29.1","52.5","66.5","71.7","130.9"
"1770902482-55","https://www.numbeo.com/cost-of-living/region_rankings.jsp?title=2026&region=150","Reading, United Kingdom","71.3","55","40.4","57.5","62.5","83.7","124.1"
"1770902482-56","https://www.numbeo.com/cost-of-living/region_rankings.jsp?title=2026&region=150","Graz, Austria","71.3","56","20.3","48.5","72.7","71.6","124.5"
"1770902482-57","https://www.numbeo.com/cost-of-living/region_rankings.jsp?title=2026&region=150","Leiden, Netherlands","71.2","57","36.3","55.6","67.1","72.8","157.4"
"1770902482-58","https://www.numbeo.com/cost-of-living/region_rankings.jsp?title=2026&region=150","Bristol, United Kingdom","71.1","58","42.2","58.2","65.8","79.9","113.8"
"1770902482-59","https://www.numbeo.com/cost-of-living/region_rankings.jsp?title=2026&region=150","Augsburg, Germany","70.9","59","25.1","50.4","66.6","72.3","137.0"
"1770902482-60","https://www.numbeo.com/cost-of-living/region_rankings.jsp?title=2026&region=150","Essen, Germany","70.8","60","18.1","47.3","66.8","69.3","141.0"
"1770902482-61","https://www.numbeo.com/cost-of-living/region_rankings.jsp?title=2026&region=150","Southampton, United Kingdom","70.4","61","34.6","54.4","64.0","82.8","119.1"
"1770902482-62","https://www.numbeo.com/cost-of-living/region_rankings.jsp?title=2026&region=150","Bordeaux, France","70.1","62","23.2","49.2","75.4","71.3","126.2"
"1770902482-63","https://www.numbeo.com/cost-of-living/region_rankings.jsp?title=2026&region=150","Dortmund, Germany","70.0","63","19.9","47.7","67.2","65.6","148.3"
"1770902482-64","https://www.numbeo.com/cost-of-living/region_rankings.jsp?title=2026&region=150","Manchester, United Kingdom","70.0","64","40.1","56.7","67.8","75.3","114.1"
"1770902482-65","https://www.numbeo.com/cost-of-living/region_rankings.jsp?title=2026&region=150","Berlin, Germany","70.0","65","36.2","54.9","63.0","68.1","126.1"
"1770902482-66","https://www.numbeo.com/cost-of-living/region_rankings.jsp?title=2026&region=150","Malmo, Sweden","69.8","66","26.4","50.4","72.2","72.8","129.5"
"1770902482-67","https://www.numbeo.com/cost-of-living/region_rankings.jsp?title=2026&region=150","Kiel, Germany","69.7","67","20.2","47.6","70.0","68.9","131.2"
"1770902482-68","https://www.numbeo.com/cost-of-living/region_rankings.jsp?title=2026&region=150","Florence, Italy","69.5","68","31.0","52.3","73.1","75.3","75.9"
"1770902482-69","https://www.numbeo.com/cost-of-living/region_rankings.jsp?title=2026&region=150","Bonn, Germany","69.4","69","28.5","51.1","69.4","63.7","151.8"
"1770902482-70","https://www.numbeo.com/cost-of-living/region_rankings.jsp?title=2026&region=150","Brescia, Italy","69.3","70","22.7","48.5","71.3","77.3","80.7"
"1770902482-71","https://www.numbeo.com/cost-of-living/region_rankings.jsp?title=2026&region=150","Toulouse, France","69.1","71","21.1","47.7","76.4","67.5","119.0"
"1770902482-72","https://www.numbeo.com/cost-of-living/region_rankings.jsp?title=2026&region=150","Nuremberg, Germany","69.0","72","23.5","48.7","64.4","70.4","147.5"
"1770902482-73","https://www.numbeo.com/cost-of-living/region_rankings.jsp?title=2026&region=150","Dresden, Germany","68.8","73","19.8","46.9","65.3","71.1","135.1"
"1770902482-74","https://www.numbeo.com/cost-of-living/region_rankings.jsp?title=2026&region=150","Karlsruhe, Germany","68.7","74","27.3","50.2","67.8","65.3","127.3"
"1770902482-75","https://www.numbeo.com/cost-of-living/region_rankings.jsp?title=2026&region=150","Gothenburg, Sweden","68.7","75","25.4","49.4","68.0","76.5","154.7"
"1770902482-76","https://www.numbeo.com/cost-of-living/region_rankings.jsp?title=2026&region=150","Groningen, Netherlands","68.7","76","28.0","50.5","67.1","75.0","126.7"
"1770902482-77","https://www.numbeo.com/cost-of-living/region_rankings.jsp?title=2026&region=150","Birmingham, United Kingdom","68.6","77","30.8","51.7","64.7","69.7","124.5"
"1770902482-78","https://www.numbeo.com/cost-of-living/region_rankings.jsp?title=2026&region=150","Turku, Finland","68.6","78","20.5","47.1","66.6","81.3","125.1"
"1770902482-79","https://www.numbeo.com/cost-of-living/region_rankings.jsp?title=2026&region=150","Uppsala, Sweden","68.5","79","22.6","48.1","70.6","70.4","128.4"
"1770902482-80","https://www.numbeo.com/cost-of-living/region_rankings.jsp?title=2026&region=150","Leeds, United Kingdom","68.4","80","31.1","51.8","66.7","71.2","116.4"
"1770902482-81","https://www.numbeo.com/cost-of-living/region_rankings.jsp?title=2026&region=150","Bologna, Italy","68.3","81","27.1","49.9","71.0","72.6","84.4"
"1770902482-82","https://www.numbeo.com/cost-of-living/region_rankings.jsp?title=2026&region=150","Mannheim, Germany","68.3","82","22.8","48.0","67.5","60.2","179.8"
"1770902482-83","https://www.numbeo.com/cost-of-living/region_rankings.jsp?title=2026&region=150","Bremen, Germany","68.2","83","22.3","47.8","67.3","66.5","139.3"
"1770902482-84","https://www.numbeo.com/cost-of-living/region_rankings.jsp?title=2026&region=150","Hanover, Germany","67.9","84","22.6","47.7","64.8","66.2","127.1"
"1770902482-85","https://www.numbeo.com/cost-of-living/region_rankings.jsp?title=2026&region=150","Glasgow, United Kingdom","67.8","85","33.8","52.7","64.3","72.2","124.7"
"1770902482-86","https://www.numbeo.com/cost-of-living/region_rankings.jsp?title=2026&region=150","Newcastle upon Tyne, United Kingdom","67.7","86","27.9","49.9","62.3","77.4","148.3"
"1770902482-87","https://www.numbeo.com/cost-of-living/region_rankings.jsp?title=2026&region=150","Limerick, Ireland","67.4","87","41.5","55.9","72.0","70.4","119.0"
"1770902482-88","https://www.numbeo.com/cost-of-living/region_rankings.jsp?title=2026&region=150","Milton Keynes, United Kingdom","67.3","88","35.6","53.2","59.4","70.9","123.4"
"1770902482-89","https://www.numbeo.com/cost-of-living/region_rankings.jsp?title=2026&region=150","Leipzig, Germany","67.3","89","21.1","46.7","66.3","62.6","130.1"
"1770902482-90","https://www.numbeo.com/cost-of-living/region_rankings.jsp?title=2026&region=150","York, United Kingdom","67.2","90","32.7","51.8","61.8","81.6","124.3"
"1770902482-91","https://www.numbeo.com/cost-of-living/region_rankings.jsp?title=2026&region=150","Cardiff, United Kingdom","67.0","91","32.1","51.4","66.2","72.6","119.4"
"1770902482-92","https://www.numbeo.com/cost-of-living/region_rankings.jsp?title=2026&region=150","Bournemouth, United Kingdom","67.0","92","36.2","53.3","58.0","73.6","116.4"
"1770902482-93","https://www.numbeo.com/cost-of-living/region_rankings.jsp?title=2026&region=150","Erlangen, Germany","66.8","93","23.5","47.5","68.8","61.0","193.7"
"1770902482-94","https://www.numbeo.com/cost-of-living/region_rankings.jsp?title=2026&region=150","Aachen, Germany","66.8","94","20.2","46.0","64.4","61.6","140.2"
"1770902482-95","https://www.numbeo.com/cost-of-living/region_rankings.jsp?title=2026&region=150","Treviso, Italy","66.6","95","23.4","47.3","63.6","76.0","77.8"
"1770902482-96","https://www.numbeo.com/cost-of-living/region_rankings.jsp?title=2026&region=150","Lille, France","66.5","96","22.4","46.8","73.9","69.6","133.9"
"1770902482-97","https://www.numbeo.com/cost-of-living/region_rankings.jsp?title=2026&region=150","Bolzano-Bozen, Italy","66.2","97","24.4","47.6","60.6","73.3","101.3"
"1770902482-98","https://www.numbeo.com/cost-of-living/region_rankings.jsp?title=2026&region=150","Liverpool, United Kingdom","66.1","98","27.6","48.9","60.8","75.6","127.2"
"1770902482-99","https://www.numbeo.com/cost-of-living/region_rankings.jsp?title=2026&region=150","Belfast, United Kingdom","65.9","99","26.7","48.4","67.5","74.6","113.4"
"1770902482-100","https://www.numbeo.com/cost-of-living/region_rankings.jsp?title=2026&region=150","Villach, Austria","65.9","100","20.1","45.4","62.4","66.7","119.3"
"1770902482-101","https://www.numbeo.com/cost-of-living/region_rankings.jsp?title=2026&region=150","Grenoble, France","65.9","101","19.7","45.2","70.1","62.4","127.0"
"1770902482-102","https://www.numbeo.com/cost-of-living/region_rankings.jsp?title=2026&region=150","Montpellier, France","65.6","102","21.9","46.1","75.2","61.5","118.7"
"1770902482-103","https://www.numbeo.com/cost-of-living/region_rankings.jsp?title=2026&region=150","Lund, Sweden","65.5","103","23.9","47.0","68.2","69.7","134.1"
"1770902482-104","https://www.numbeo.com/cost-of-living/region_rankings.jsp?title=2026&region=150","Nottingham, United Kingdom","65.4","104","26.3","47.9","64.8","66.4","129.2"
"1770902482-105","https://www.numbeo.com/cost-of-living/region_rankings.jsp?title=2026&region=150","Coventry, United Kingdom","64.8","105","30.6","49.5","66.1","68.9","133.9"
"1770902482-106","https://www.numbeo.com/cost-of-living/region_rankings.jsp?title=2026&region=150","Tallinn, Estonia","64.8","106","20.0","44.8","58.8","70.8","88.0"
"1770902482-107","https://www.numbeo.com/cost-of-living/region_rankings.jsp?title=2026&region=150","Padova, Italy","64.3","107","23.6","46.1","63.6","67.5","85.6"
"1770902482-108","https://www.numbeo.com/cost-of-living/region_rankings.jsp?title=2026&region=150","Trento, Italy","64.0","108","23.8","46.1","59.7","72.5","85.7"
"1770902482-109","https://www.numbeo.com/cost-of-living/region_rankings.jsp?title=2026&region=150","Rome, Italy","63.4","109","34.9","50.7","64.9","63.5","84.3"
"1770902482-110","https://www.numbeo.com/cost-of-living/region_rankings.jsp?title=2026&region=150","Sliema, Malta","63.3","110","39.8","52.8","62.6","71.9","71.4"
"1770902482-111","https://www.numbeo.com/cost-of-living/region_rankings.jsp?title=2026&region=150","Sheffield, United Kingdom","63.1","111","26.3","46.7","56.3","68.4","132.7"
"1770902482-112","https://www.numbeo.com/cost-of-living/region_rankings.jsp?title=2026&region=150","Cagliari, Italy","62.9","112","21.2","44.3","65.8","72.3","80.5"
"1770902482-113","https://www.numbeo.com/cost-of-living/region_rankings.jsp?title=2026&region=150","Leuven, Belgium","62.5","113","29.7","47.8","59.5","69.6","138.2"
"1770902482-114","https://www.numbeo.com/cost-of-living/region_rankings.jsp?title=2026&region=150","Genoa, Italy","62.3","114","20.0","43.4","65.8","65.9","91.6"
"1770902482-115","https://www.numbeo.com/cost-of-living/region_rankings.jsp?title=2026&region=150","Trieste, Italy","61.8","115","19.8","43.0","62.3","63.7","84.7"
"1770902482-116","https://www.numbeo.com/cost-of-living/region_rankings.jsp?title=2026&region=150","Bergamo, Italy","61.2","116","20.0","42.8","61.8","65.5","103.4"
"1770902482-117","https://www.numbeo.com/cost-of-living/region_rankings.jsp?title=2026&region=150","Turin, Italy","60.1","117","19.5","42.0","62.1","62.0","95.3"
"1770902482-118","https://www.numbeo.com/cost-of-living/region_rankings.jsp?title=2026&region=150","Madrid, Spain","60.0","118","36.2","49.4","56.1","63.4","104.1"
"1770902482-119","https://www.numbeo.com/cost-of-living/region_rankings.jsp?title=2026&region=150","Valletta, Malta","60.0","119","35.2","48.9","56.0","67.9","83.9"
"1770902482-120","https://www.numbeo.com/cost-of-living/region_rankings.jsp?title=2026&region=150","Reggio Nell'emilia, Italy","59.8","120","16.9","40.6","60.3","65.3","99.2"
"1770902482-121","https://www.numbeo.com/cost-of-living/region_rankings.jsp?title=2026&region=150","Prague, Czech Republic","59.6","121","32.0","47.3","52.9","50.5","94.2"
"1770902482-122","https://www.numbeo.com/cost-of-living/region_rankings.jsp?title=2026&region=150","Remagen, Germany","59.3","122","15.8","39.9","56.1","49.7","80.7"
"1770902482-123","https://www.numbeo.com/cost-of-living/region_rankings.jsp?title=2026&region=150","Barcelona, Spain","59.2","123","36.0","48.9","56.0","63.8","95.1"
"1770902482-124","https://www.numbeo.com/cost-of-living/region_rankings.jsp?title=2026&region=150","Naples, Italy","59.0","124","25.1","43.9","59.0","61.4","78.6"
"1770902482-125","https://www.numbeo.com/cost-of-living/region_rankings.jsp?title=2026&region=150","Palma de Mallorca, Spain","59.0","125","32.0","47.0","52.1","64.8","85.0"
"1770902482-126","https://www.numbeo.com/cost-of-living/region_rankings.jsp?title=2026&region=150","Split, Croatia","58.6","126","25.7","43.9","53.1","66.3","74.2"
"1770902482-127","https://www.numbeo.com/cost-of-living/region_rankings.jsp?title=2026&region=150","Pisa, Italy","58.2","127","20.2","41.2","61.6","57.4","97.3"
"1770902482-128","https://www.numbeo.com/cost-of-living/region_rankings.jsp?title=2026&region=150","Athens, Greece","57.9","128","18.2","40.2","55.1","62.9","66.1"
"1770902482-129","https://www.numbeo.com/cost-of-living/region_rankings.jsp?title=2026&region=150","Ljubljana, Slovenia","57.4","129","27.2","44.0","52.8","59.0","85.0"
"1770902482-130","https://www.numbeo.com/cost-of-living/region_rankings.jsp?title=2026&region=150","Tartu, Estonia","57.1","130","15.5","38.5","50.0","66.6","96.0"
"1770902482-131","https://www.numbeo.com/cost-of-living/region_rankings.jsp?title=2026&region=150","Bari, Italy","56.4","131","20.8","40.5","57.0","58.1","94.7"
"1770902482-132","https://www.numbeo.com/cost-of-living/region_rankings.jsp?title=2026&region=150","Heraklion, Greece","55.3","132","16.6","38.1","53.9","53.3","62.2"
"1770902482-133","https://www.numbeo.com/cost-of-living/region_rankings.jsp?title=2026&region=150","Riga, Latvia","54.9","133","14.5","36.9","48.4","59.6","82.3"
"1770902482-134","https://www.numbeo.com/cost-of-living/region_rankings.jsp?title=2026&region=150","Bilbao, Spain","54.6","134","26.5","42.0","50.6","62.1","106.3"
"1770902482-135","https://www.numbeo.com/cost-of-living/region_rankings.jsp?title=2026&region=150","Bratislava, Slovakia","54.5","135","22.9","40.4","52.9","49.9","82.1"
"1770902482-136","https://www.numbeo.com/cost-of-living/region_rankings.jsp?title=2026&region=150","Lisbon, Portugal","54.2","136","38.6","47.2","50.1","53.1","60.9"
"1770902482-137","https://www.numbeo.com/cost-of-living/region_rankings.jsp?title=2026&region=150","Zagreb, Croatia","53.7","137","20.2","38.8","51.9","54.7","98.4"
"1770902482-138","https://www.numbeo.com/cost-of-living/region_rankings.jsp?title=2026&region=150","Rijeka, Croatia","53.6","138","16.7","37.2","49.4","56.9","79.4"
"1770902482-139","https://www.numbeo.com/cost-of-living/region_rankings.jsp?title=2026&region=150","Oviedo, Spain","53.6","139","17.7","37.6","53.3","58.4","111.4"
"1770902482-140","https://www.numbeo.com/cost-of-living/region_rankings.jsp?title=2026&region=150","Warsaw, Poland","53.5","140","28.5","42.3","46.4","52.5","98.9"
"1770902482-141","https://www.numbeo.com/cost-of-living/region_rankings.jsp?title=2026&region=150","Thessaloniki, Greece","53.4","141","14.2","35.9","50.3","61.1","62.7"
"1770902482-142","https://www.numbeo.com/cost-of-living/region_rankings.jsp?title=2026&region=150","Brno, Czech Republic","53.2","142","22.6","39.6","50.7","43.6","93.4"
"1770902482-143","https://www.numbeo.com/cost-of-living/region_rankings.jsp?title=2026&region=150","Vilnius, Lithuania","53.0","143","20.1","38.3","45.9","58.3","96.3"
"1770902482-144","https://www.numbeo.com/cost-of-living/region_rankings.jsp?title=2026&region=150","Kaunas, Lithuania","52.7","144","13.6","35.2","49.7","59.0","84.1"
"1770902482-145","https://www.numbeo.com/cost-of-living/region_rankings.jsp?title=2026&region=150","Kosice, Slovakia","52.2","145","23.4","39.3","51.2","48.7","75.5"
"1770902482-146","https://www.numbeo.com/cost-of-living/region_rankings.jsp?title=2026&region=150","Catania, Italy","51.9","146","14.6","35.3","46.7","56.5","112.0"
"1770902482-147","https://www.numbeo.com/cost-of-living/region_rankings.jsp?title=2026&region=150","Malaga, Spain","51.4","147","30.6","42.1","49.4","58.3","84.0"
"1770902482-148","https://www.numbeo.com/cost-of-living/region_rankings.jsp?title=2026&region=150","Santa Cruz de Tenerife, Spain","51.3","148","25.2","39.6","52.6","54.7","93.9"
"1770902482-149","https://www.numbeo.com/cost-of-living/region_rankings.jsp?title=2026&region=150","Budapest, Hungary","51.1","149","20.3","37.3","47.8","50.5","84.9"
"1770902482-150","https://www.numbeo.com/cost-of-living/region_rankings.jsp?title=2026&region=150","Alicante, Spain","50.9","150","22.2","38.1","51.8","53.7","105.0"
"1770902482-151","https://www.numbeo.com/cost-of-living/region_rankings.jsp?title=2026&region=150","Plzen, Czech Republic","50.8","151","15.2","35.0","50.9","42.6","114.7"
"1770902482-152","https://www.numbeo.com/cost-of-living/region_rankings.jsp?title=2026&region=150","Valencia, Spain","50.6","152","28.6","40.8","46.2","58.9","111.6"
"1770902482-153","https://www.numbeo.com/cost-of-living/region_rankings.jsp?title=2026&region=150","Ostrava, Czech Republic","50.5","153","16.8","35.5","50.7","43.6","92.6"
"1770902482-154","https://www.numbeo.com/cost-of-living/region_rankings.jsp?title=2026&region=150","Seville (Sevilla), Spain","49.9","154","21.8","37.4","52.3","50.0","98.8"
"1770902482-155","https://www.numbeo.com/cost-of-living/region_rankings.jsp?title=2026&region=150","Gdansk, Poland","49.7","155","21.6","37.2","42.1","51.8","97.1"
"1770902482-156","https://www.numbeo.com/cost-of-living/region_rankings.jsp?title=2026&region=150","Tirana, Albania","49.5","156","18.3","35.6","49.6","49.7","45.6"
"1770902482-157","https://www.numbeo.com/cost-of-living/region_rankings.jsp?title=2026&region=150","Krakow (Cracow), Poland","49.5","157","22.4","37.4","41.9","50.9","102.8"
"1770902482-158","https://www.numbeo.com/cost-of-living/region_rankings.jsp?title=2026&region=150","Wroclaw, Poland","49.4","158","21.7","37.1","42.3","51.4","92.8"
"1770902482-159","https://www.numbeo.com/cost-of-living/region_rankings.jsp?title=2026&region=150","Porto, Portugal","49.3","159","29.6","40.5","46.5","47.0","68.9"
"1770902482-160","https://www.numbeo.com/cost-of-living/region_rankings.jsp?title=2026&region=150","Las Palmas de Gran Canaria, Spain","49.3","160","22.8","37.5","53.6","47.4","93.8"
"1770902482-161","https://www.numbeo.com/cost-of-living/region_rankings.jsp?title=2026&region=150","Granada, Spain","48.9","161","18.6","35.4","47.1","49.9","108.1"
"1770902482-162","https://www.numbeo.com/cost-of-living/region_rankings.jsp?title=2026&region=150","Pecs, Hungary","48.3","162","13.4","32.7","48.7","44.7","57.4"
"1770902482-163","https://www.numbeo.com/cost-of-living/region_rankings.jsp?title=2026&region=150","Belgrade, Serbia","47.6","163","21.5","36.0","42.0","52.3","65.0"
"1770902482-164","https://www.numbeo.com/cost-of-living/region_rankings.jsp?title=2026&region=150","Moscow, Russia","47.5","164","34.1","41.5","40.7","47.3","81.4"
"1770902482-165","https://www.numbeo.com/cost-of-living/region_rankings.jsp?title=2026&region=150","Lodz, Poland","47.3","165","15.4","33.1","40.9","49.9","98.0"
"1770902482-166","https://www.numbeo.com/cost-of-living/region_rankings.jsp?title=2026&region=150","Coimbra, Portugal","47.2","166","20.9","35.5","47.8","42.5","75.8"
"1770902482-167","https://www.numbeo.com/cost-of-living/region_rankings.jsp?title=2026&region=150","Braga, Portugal","46.6","167","21.0","35.2","46.3","43.8","71.2"
"1770902482-168","https://www.numbeo.com/cost-of-living/region_rankings.jsp?title=2026&region=150","Poznan, Poland","46.6","168","19.0","34.2","39.7","47.3","105.3"
"1770902482-169","https://www.numbeo.com/cost-of-living/region_rankings.jsp?title=2026&region=150","Bucharest, Romania","46.3","169","15.6","32.6","42.9","53.4","85.4"
"1770902482-170","https://www.numbeo.com/cost-of-living/region_rankings.jsp?title=2026&region=150","Sofia, Bulgaria","46.2","170","18.0","33.6","45.2","47.1","96.1"
"1770902482-171","https://www.numbeo.com/cost-of-living/region_rankings.jsp?title=2026&region=150","Debrecen, Hungary","45.7","171","15.5","32.2","45.5","44.3","71.1"
"1770902482-172","https://www.numbeo.com/cost-of-living/region_rankings.jsp?title=2026&region=150","Varna, Bulgaria","45.5","172","13.0","31.0","46.9","45.6","72.5"
"1770902482-173","https://www.numbeo.com/cost-of-living/region_rankings.jsp?title=2026&region=150","Novi Sad, Serbia","45.0","173","14.3","31.3","41.3","45.3","62.9"
"1770902482-174","https://www.numbeo.com/cost-of-living/region_rankings.jsp?title=2026&region=150","Szczecin, Poland","44.8","174","16.7","32.2","39.2","43.7","101.3"
"1770902482-175","https://www.numbeo.com/cost-of-living/region_rankings.jsp?title=2026&region=150","Katowice, Poland","44.7","175","15.6","31.7","41.6","46.1","101.6"
"1770902482-176","https://www.numbeo.com/cost-of-living/region_rankings.jsp?title=2026&region=150","Cluj-Napoca, Romania","44.6","176","17.4","32.5","42.4","49.1","83.6"
"1770902482-177","https://www.numbeo.com/cost-of-living/region_rankings.jsp?title=2026&region=150","Vladivostok, Russia","44.0","177","16.7","31.9","40.4","43.4","53.6"
"1770902482-178","https://www.numbeo.com/cost-of-living/region_rankings.jsp?title=2026&region=150","Brasov, Romania","43.7","178","17.2","31.9","40.5","49.6","67.9"
"1770902482-179","https://www.numbeo.com/cost-of-living/region_rankings.jsp?title=2026&region=150","Constanta, Romania","43.4","179","14.8","30.7","39.6","52.0","62.9"
"1770902482-180","https://www.numbeo.com/cost-of-living/region_rankings.jsp?title=2026&region=150","Sarajevo, Bosnia And Herzegovina","42.8","180","12.0","29.1","42.7","37.0","66.4"
"1770902482-181","https://www.numbeo.com/cost-of-living/region_rankings.jsp?title=2026&region=150","Podgorica, Montenegro","42.3","181","16.7","30.9","41.1","43.5","72.1"
"1770902482-182","https://www.numbeo.com/cost-of-living/region_rankings.jsp?title=2026&region=150","Timisoara, Romania","41.3","182","11.7","28.1","38.5","46.9","90.8"
"1770902482-183","https://www.numbeo.com/cost-of-living/region_rankings.jsp?title=2026&region=150","Yekaterinburg, Russia","40.7","183","16.2","29.8","37.8","42.5","58.5"
"1770902482-184","https://www.numbeo.com/cost-of-living/region_rankings.jsp?title=2026&region=150","Burgas, Bulgaria","40.6","184","12.9","28.2","42.2","43.0","72.0"
"1770902482-185","https://www.numbeo.com/cost-of-living/region_rankings.jsp?title=2026&region=150","Iasi, Romania","40.5","185","11.7","27.7","39.1","41.2","75.7"
"1770902482-186","https://www.numbeo.com/cost-of-living/region_rankings.jsp?title=2026&region=150","Saint Petersburg, Russia","40.3","186","18.9","30.8","37.4","37.2","74.5"
"1770902482-187","https://www.numbeo.com/cost-of-living/region_rankings.jsp?title=2026&region=150","Plovdiv, Bulgaria","40.1","187","11.8","27.5","42.0","39.1","79.3"
"1770902482-188","https://www.numbeo.com/cost-of-living/region_rankings.jsp?title=2026&region=150","Craiova, Romania","39.9","188","11.0","27.0","37.1","39.7","78.6"
"1770902482-189","https://www.numbeo.com/cost-of-living/region_rankings.jsp?title=2026&region=150","Tyumen, Russia","39.2","189","14.5","28.1","37.9","41.4","57.5"
"1770902482-190","https://www.numbeo.com/cost-of-living/region_rankings.jsp?title=2026&region=150","Sibiu, Romania","38.6","190","12.2","26.8","36.5","43.8","86.5"
"1770902482-191","https://www.numbeo.com/cost-of-living/region_rankings.jsp?title=2026&region=150","Oradea, Romania","38.3","191","8.8","25.1","37.7","40.1","74.6"
"1770902482-192","https://www.numbeo.com/cost-of-living/region_rankings.jsp?title=2026&region=150","Skopje, North Macedonia","38.1","192","9.5","25.3","37.2","32.6","65.5"
"1770902482-193","https://www.numbeo.com/cost-of-living/region_rankings.jsp?title=2026&region=150","Nis, Serbia","37.7","193","8.7","24.8","35.4","34.9","67.3"
"1770902482-194","https://www.numbeo.com/cost-of-living/region_rankings.jsp?title=2026&region=150","Kazan, Russia","36.9","194","13.2","26.3","35.5","35.2","63.1"
"1770902482-195","https://www.numbeo.com/cost-of-living/region_rankings.jsp?title=2026&region=150","Novosibirsk, Russia","36.8","195","12.3","25.9","35.6","33.3","60.8"
"1770902482-196","https://www.numbeo.com/cost-of-living/region_rankings.jsp?title=2026&region=150","Kaliningrad, Russia","36.5","196","11.2","25.2","36.6","34.1","61.1"
"1770902482-197","https://www.numbeo.com/cost-of-living/region_rankings.jsp?title=2026&region=150","Chisinau, Moldova","36.5","197","15.8","27.2","33.8","34.0","56.2"
"1770902482-198","https://www.numbeo.com/cost-of-living/region_rankings.jsp?title=2026&region=150","Ufa, Russia","36.3","198","10.4","24.7","35.0","38.3","61.0"
"1770902482-199","https://www.numbeo.com/cost-of-living/region_rankings.jsp?title=2026&region=150","Samara, Russia","36.2","199","11.1","25.0","32.0","37.4","54.0"
"1770902482-200","https://www.numbeo.com/cost-of-living/region_rankings.jsp?title=2026&region=150","Krasnodar, Russia","36.1","200","12.2","25.5","32.5","35.7","61.8"
"1770902482-201","https://www.numbeo.com/cost-of-living/region_rankings.jsp?title=2026&region=150","Nizhny Novgorod, Russia","36.1","201","13.0","25.8","33.7","38.7","58.7"
"1770902482-202","https://www.numbeo.com/cost-of-living/region_rankings.jsp?title=2026&region=150","Tomsk, Russia","35.8","202","10.7","24.6","36.6","28.7","57.5"
"1770902482-203","https://www.numbeo.com/cost-of-living/region_rankings.jsp?title=2026&region=150","Rostov-on-Don (Rostov-na-donu), Russia","35.7","203","11.3","24.8","33.5","37.6","65.9"
"1770902482-204","https://www.numbeo.com/cost-of-living/region_rankings.jsp?title=2026&region=150","Chelyabinsk, Russia","35.5","204","10.4","24.3","34.7","32.4","51.3"
"1770902482-205","https://www.numbeo.com/cost-of-living/region_rankings.jsp?title=2026&region=150","Stara Zagora, Bulgaria","33.6","205","7.3","21.9","34.8","33.1","105.6"
"1770902482-206","https://www.numbeo.com/cost-of-living/region_rankings.jsp?title=2026&region=150","Perm, Russia","33.3","206","11.2","23.4","34.2","29.5","64.7"
"1770902482-207","https://www.numbeo.com/cost-of-living/region_rankings.jsp?title=2026&region=150","Minsk, Belarus","32.0","207","11.8","23.0","31.5","35.3","70.6"
"1770902482-208","https://www.numbeo.com/cost-of-living/region_rankings.jsp?title=2026&region=150","Kiev (Kyiv), Ukraine","31.9","208","13.7","23.8","32.2","31.0","58.7"
"1770902482-209","https://www.numbeo.com/cost-of-living/region_rankings.jsp?title=2026&region=150","Dnipro, Ukraine","31.0","209","10.3","21.8","28.7","36.6","44.3"
"1770902482-210","https://www.numbeo.com/cost-of-living/region_rankings.jsp?title=2026&region=150","Odessa (Odesa), Ukraine","29.7","210","7.0","19.6","29.5","28.5","46.2"
"1770902482-211","https://www.numbeo.com/cost-of-living/region_rankings.jsp?title=2026&region=150","Lviv, Ukraine","29.5","211","11.0","21.2","29.6","27.4","53.9"
"1770902482-212","https://www.numbeo.com/cost-of-living/region_rankings.jsp?title=2026&region=150","Pristina, Kosovo (Disputed Territory)","28.8","212","8.4","19.7","29.9","25.5","66.4"
"1770902482-213","https://www.numbeo.com/cost-of-living/region_rankings.jsp?title=2026&region=150","Kharkiv, Ukraine","26.9","213","5.5","17.3","27.3","24.8","51.7"
